{
  "random": 385.54022660110354,
  "current": 1000,
  "snap_100k": 703.2682528454274,
  "snap_200k": 333.16835230382554,
  "snap_300k": 534.0213461910735,
  "snap_400k": 301.16835230382554,
  "snap_500k": 425.78405657274755,
  "snap_600k": 317.16835230382554,
  "snap_700k": 326.0526998911185,
  "snap_800k": 269.16835230382554,
  "snap_900k": 405.0263328778809,
  "snap_1000k": 285.16835230382554,
  "snap_1100k": 301.3493586800607,
  "snap_1200k": 237.16835230382554,
  "snap_1300k": 309.10386402078615,
  "snap_1400k": 269.16835230382554,
  "snap_1500k": 248.81020909005466,
  "snap_1600k": 221.16835230382554,
  "snap_1700k": 229.91638438153558,
  "snap_1800k": 253.16835230382554,
  "snap_1900k": 185.6424395826333,
  "snap_2000k": 269.16835230382554
}